tau,amin,amax,err
1,0.483,0.499,62.7349634186178
2,0.49,0.499,75.5826209568832
3,0.485,0.499,93.2082667482851
4,0.486,0.5,69.3753006533485
5,0.494,0.499,78.7607560669372
6,0.492,0.499,90.9867348465576
